{
  "songs": [
    {
      "title": "1904",
      "artist": "The Tallest Man on Earth",
      "year": "2012",
      "web_url": "http://www.songnotes.cc/songs/78-the-tallest-man-on-earth-1904",
      "img_url": "http://www.songnotes.cc/images/artists/TheTallestManOnEarth.jpg"
    },
    {
      "title": "#40",
      "artist": "Dave Matthews",
      "year": "1999",
      "web_url": "http://www.songnotes.cc/songs/119-dave-matthews-40",
      "img_url": "http://www.songnotes.cc/images/artists/DaveMatthews.jpg"
    },
    {
      "title": "40oz to Freedom",
      "artist": "Sublime",
      "year": "1996",
      "web_url": "http://www.songnotes.cc/songs/45-sublime-40oz-to-freedom",
      "img_url": "http://www.songnotes.cc/images/artists/Sublime.jpg"
    },
    {
      "title": "#41",
      "artist": "Dave Matthews",
      "year": "1996",
      "web_url": "http://www.songnotes.cc/songs/46-dave-matthews-band-41",
      "img_url": "http://www.songnotes.cc/images/artists/DaveMatthews.jpg"
    },
    {
      "title": "American Girl",
      "artist": "Tom Petty",
      "year": "1977",
      "web_url": "http://www.songnotes.cc/songs/86-tom-petty-american-girl",
      "img_url": "http://www.songnotes.cc/images/artists/TomPetty.jpg"
    },
    {
      "title": "American Music",
      "artist": "Violent Femmes",
      "year": "1991",
      "web_url": "http://www.songnotes.cc/songs/123-violent-femmes-american-music",
      "img_url": "http://www.songnotes.cc/images/artists/ViolentFemmes.jpg"
    },
    {
      "title": "American Pie",
      "artist": "Don McLean",
      "year": "1972",
      "web_url": "http://www.songnotes.cc/songs/132-don-mclean-american-pie",
      "img_url": "http://www.songnotes.cc/images/artists/DonMcLean.jpg"
    },
    {
      "title": "And it Stoned Me",
      "artist": "Van Morrison",
      "year": "1970",
      "web_url": "http://www.songnotes.cc/songs/27-van-morrison-and-it-stoned-me",
      "img_url": "http://www.songnotes.cc/images/artists/VanMorrison.jpg"
    },
    {
      "title": "A Sailor's Christmas",
      "artist": "Jimmy Buffett",
      "year": "1996",
      "web_url": "http://www.songnotes.cc/songs/11-jimmy-buffett-a-sailors-christmas",
      "img_url": "http://www.songnotes.cc/images/artists/JimmyBuffett.jpg"
    },
    {
      "title": "Badfish",
      "artist": "Sublime",
      "year": "1996",
      "web_url": "http://www.songnotes.cc/songs/21-sublime-badfish",
      "img_url": "http://www.songnotes.cc/images/artists/Sublime.jpg"
    },
    {
      "title": "Banana Pancakes",
      "artist": "Jack Johnson",
      "year": "2005",
      "web_url": "http://www.songnotes.cc/songs/102-jack-johnson-banana-pancakes",
      "img_url": "http://www.songnotes.cc/images/artists/JackJohnson.jpg"
    },
    {
      "title": "Barefoot Children",
      "artist": "Jimmy Buffett",
      "year": "1995",
      "web_url": "http://www.songnotes.cc/songs/9-jimmy-buffett-barefoot-children",
      "img_url": "http://www.songnotes.cc/images/artists/JimmyBuffett.jpg"
    },
    {
      "title": "Big Parade",
      "artist": "The Lumineers",
      "year": "2012",
      "web_url": "http://www.songnotes.cc/songs/63-the-lumineers-big-parade",
      "img_url": "http://www.songnotes.cc/images/artists/TheLumineers.jpg"
    },
    {
      "title": "Brown Eyed Girl",
      "artist": "Van Morrison",
      "year": "1967",
      "web_url": "http://www.songnotes.cc/songs/69-van-morrison-brown-eyed-girl",
      "img_url": "http://www.songnotes.cc/images/artists/VanMorrison.jpg"
    },
    {
      "title": "Cape Canaveral",
      "artist": "Conor Oberst",
      "year": "2008",
      "web_url": "http://www.songnotes.cc/songs/75-conor-oberst-cape-canaveral",
      "img_url": "http://www.songnotes.cc/images/artists/ConorOberst.jpg"
    },
    {
      "title": "Carry On",
      "artist": "fun.",
      "year": "2012",
      "web_url": "http://www.songnotes.cc/songs/122-fun-carry-on",
      "img_url": "http://www.songnotes.cc/images/artists/Fun.jpg"
    },
    {
      "title": "Catch the Wind",
      "artist": "Donovan",
      "year": "1965",
      "web_url": "http://www.songnotes.cc/songs/131-donovan-catch-the-wind",
      "img_url": "http://www.songnotes.cc/images/artists/Donovan.jpg"
    },
    {
      "title": "Cat's in the Cradle",
      "artist": "Harry Chapin",
      "year": "1974",
      "web_url": "http://www.songnotes.cc/songs/47-harry-chapin-cats-in-the-cradle",
      "img_url": "http://www.songnotes.cc/images/artists/HarryChapin.jpg"
    },
    {
      "title": "Changes in Latitudes, Changes in Attitudes",
      "artist": "Jimmy Buffett",
      "year": "1977",
      "web_url": "http://www.songnotes.cc/songs/38-jimmy-buffett-changes-in-latitudes-changes-in-attitudes",
      "img_url": "http://www.songnotes.cc/images/artists/JimmyBuffett.jpg"
    },
    {
      "title": "Classy Girls",
      "artist": "The Lumineers",
      "year": "2012",
      "web_url": "http://www.songnotes.cc/songs/55-the-lumineers-classy-girls",
      "img_url": "http://www.songnotes.cc/images/artists/TheLumineers.jpg"
    },
    {
      "title": "Creep",
      "artist": "Radiohead",
      "year": "1993",
      "web_url": "http://www.songnotes.cc/songs/36-radiohead-creep",
      "img_url": "http://www.songnotes.cc/images/artists/Radiohead.jpg"
    },
    {
      "title": "Danny Boy",
      "artist": "Johnny Cash",
      "year": "2002",
      "web_url": "http://www.songnotes.cc/songs/92-johnny-cash-danny-boy",
      "img_url": "http://www.songnotes.cc/images/artists/JohnnyCash.jpg"
    },
    {
      "title": "Darkness Between the Fireflies",
      "artist": "Mason Jennings",
      "year": "1997",
      "web_url": "http://www.songnotes.cc/songs/16-mason-jennings-darkness-between-the-fireflies",
      "img_url": "http://www.songnotes.cc/images/artists/MasonJennings.jpg"
    },
    {
      "title": "Dead Sea",
      "artist": "The Lumineers",
      "year": "2012",
      "web_url": "http://www.songnotes.cc/songs/98-the-lumineers-dead-sea",
      "img_url": "http://www.songnotes.cc/images/artists/TheLumineers.jpg"
    },
    {
      "title": "Distantly in Love",
      "artist": "Jimmy Buffett",
      "year": "1983",
      "web_url": "http://www.songnotes.cc/songs/35-jimmy-buffett-distantly-in-love",
      "img_url": "http://www.songnotes.cc/images/artists/JimmyBuffett.jpg"
    },
    {
      "title": "Don't Leave Me (Ne Me Quitte Pas)",
      "artist": "Regina Spektor",
      "year": "2012",
      "web_url": "http://www.songnotes.cc/songs/77-regina-spektor-dont-leave-me-no-me-quitte-pas",
      "img_url": "http://www.songnotes.cc/images/artists/ReginaSpektor.jpg"
    },
    {
      "title": "Don't Look Back in Anger",
      "artist": "Oasis",
      "year": "1996",
      "web_url": "http://www.songnotes.cc/songs/100-oasis-dont-look-back-in-anger",
      "img_url": "http://www.songnotes.cc/images/artists/Oasis.jpg"
    },
    {
      "title": "Don't Stop Believin'",
      "artist": "Journey",
      "year": "1981",
      "web_url": "http://www.songnotes.cc/songs/60-journey-dont-stop-believing",
      "img_url": "http://www.songnotes.cc/images/artists/Journey.jpg"
    },
    {
      "title": "Doomsday",
      "artist": "Elvis Perkins",
      "year": "2009",
      "web_url": "http://www.songnotes.cc/songs/120-elvis-perkins-doomsday",
      "img_url": "http://www.songnotes.cc/images/artists/ElvisPerkins.jpg"
    },
    {
      "title": "Do You Remember",
      "artist": "Jack Johnson",
      "year": "2005",
      "web_url": "http://www.songnotes.cc/songs/3-jack-johnson-do-you-remember",
      "img_url": "http://www.songnotes.cc/images/artists/JackJohnson.jpg"
    },
    {
      "title": "Drink the Water",
      "artist": "Jack Johnson",
      "year": "2001",
      "web_url": "http://www.songnotes.cc/songs/32-jack-johnson-drink-the-water",
      "img_url": "http://www.songnotes.cc/images/artists/JackJohnson.jpg"
    },
    {
      "title": "Emmylou",
      "artist": "First Aid Kit",
      "year": "2012",
      "web_url": "http://www.songnotes.cc/songs/74-first-aid-kit-emmylou",
      "img_url": "http://www.songnotes.cc/images/artists/FirstAidKit.jpg"
    },
    {
      "title": "Fall Line",
      "artist": "Jack Johnson",
      "year": "2003",
      "web_url": "http://www.songnotes.cc/songs/30-jack-johnson-fall-line",
      "img_url": "http://www.songnotes.cc/images/artists/JackJohnson.jpg"
    },
    {
      "title": "Father and Son",
      "artist": "Cat Stevens",
      "year": "1970",
      "web_url": "http://www.songnotes.cc/songs/28-cat-stevens-father-and-son",
      "img_url": "http://www.songnotes.cc/images/artists/CatStevens.jpg"
    },
    {
      "title": "Flake",
      "artist": "Jack Johnson",
      "year": "2001",
      "web_url": "http://www.songnotes.cc/songs/104-jack-johnson-flake",
      "img_url": "http://www.songnotes.cc/images/artists/JackJohnson.jpg"
    },
    {
      "title": "Flapper Girl",
      "artist": "The Lumineers",
      "year": "2012",
      "web_url": "http://www.songnotes.cc/songs/101-the-lumineers-flapper-girl",
      "img_url": "http://www.songnotes.cc/images/artists/TheLumineers.jpg"
    },
    {
      "title": "Flowers in Your Hair",
      "artist": "The Lumineers",
      "year": "2012",
      "web_url": "http://www.songnotes.cc/songs/96-the-lumineers-flowers-in-your-hair",
      "img_url": "http://www.songnotes.cc/images/artists/TheLumineers.jpg"
    },
    {
      "title": "Folsom Prison Blues",
      "artist": "Johnny Cash",
      "year": "1957",
      "web_url": "http://www.songnotes.cc/songs/108-johnny-cash-folsom-prison-blues",
      "img_url": "http://www.songnotes.cc/images/artists/JohnnyCash.jpg"
    },
    {
      "title": "Free Fallin'",
      "artist": "Tom Petty",
      "year": "1989",
      "web_url": "http://www.songnotes.cc/songs/84-tom-petty-free-fallin",
      "img_url": "http://www.songnotes.cc/images/artists/TomPetty.jpg"
    },
    {
      "title": "Furr",
      "artist": "Blitzen Trapper",
      "year": "2008",
      "web_url": "http://www.songnotes.cc/songs/10-blitzen-trapper-furr",
      "img_url": "http://www.songnotes.cc/images/artists/BlitzenTrapper.jpg"
    },
    {
      "title": "Get Well Cards",
      "artist": "Conor Oberst",
      "year": "2008",
      "web_url": "http://www.songnotes.cc/songs/54-conor-oberst-get-well-cards",
      "img_url": "http://www.songnotes.cc/images/artists/ConorOberst.jpg"
    },
    {
      "title": "Gulf Coast Highway",
      "artist": "Emmylou Harris",
      "year": "2000",
      "web_url": "http://www.songnotes.cc/songs/50-emmylou-harris-gulf-coast-highway",
      "img_url": "http://www.songnotes.cc/images/artists/EmmylouHarris.jpg"
    },
    {
      "title": "Half Light I",
      "artist": "Arcade Fire",
      "year": "2010",
      "web_url": "http://www.songnotes.cc/songs/29-arcade-fire-half-light-i",
      "img_url": "http://www.songnotes.cc/images/artists/ArcadeFire.jpg"
    },
    {
      "title": "Half Light II (No Celebration)",
      "artist": "Arcade Fire",
      "year": "2010",
      "web_url": "http://www.songnotes.cc/songs/12-arcade-fire-half-light-ii-no-celebration",
      "img_url": "http://www.songnotes.cc/images/artists/ArcadeFire.jpg"
    },
    {
      "title": "Harvest",
      "artist": "Neil Young",
      "year": "1972",
      "web_url": "http://www.songnotes.cc/songs/71-neil-young-harvest",
      "img_url": "http://www.songnotes.cc/images/artists/NeilYoung.jpg"
    },
    {
      "title": "Heart of Gold",
      "artist": "Neil Young",
      "year": "1972",
      "web_url": "http://www.songnotes.cc/songs/72-neil-young-heart-of-gold",
      "img_url": "http://www.songnotes.cc/images/artists/NeilYoung.jpg"
    },
    {
      "title": "Here I Go Again",
      "artist": "Whitesnake",
      "year": "1982",
      "web_url": "http://www.songnotes.cc/songs/130-whitesnake-here-i-go-again",
      "img_url": "http://www.songnotes.cc/images/artists/Whitesnake.jpg"
    },
    {
      "title": "Hey Jealousy",
      "artist": "Gin Blossoms",
      "year": "1992",
      "web_url": "http://www.songnotes.cc/songs/41-gin-blossoms-hey-jealousy",
      "img_url": "http://www.songnotes.cc/images/artists/GinBlossoms.jpg"
    },
    {
      "title": "Hey Soul Sister",
      "artist": "Train",
      "year": "2009",
      "web_url": "http://www.songnotes.cc/songs/129-train-hey-soul-sister",
      "img_url": "http://www.songnotes.cc/images/artists/Train.jpg"
    },
    {
      "title": "High and Dry",
      "artist": "Radiohead",
      "year": "1995",
      "web_url": "http://www.songnotes.cc/songs/37-radiohead-high-and-dry",
      "img_url": "http://www.songnotes.cc/images/artists/Radiohead.jpg"
    },
    {
      "title": "Ho Hey",
      "artist": "The Lumineers",
      "year": "2012",
      "web_url": "http://www.songnotes.cc/songs/34-the-lumineers-ho-hey",
      "img_url": "http://www.songnotes.cc/images/artists/TheLumineers.jpg"
    },
    {
      "title": "Hollywood Forever Cemetery Sings",
      "artist": "Father John Misty",
      "year": "2012",
      "web_url": "http://www.songnotes.cc/songs/114-father-john-misty-hollywood-forever-cemetery-sings",
      "img_url": "http://www.songnotes.cc/images/artists/FatherJohnMisty.jpg"
    },
    {
      "title": "Home",
      "artist": "Edward Sharpe & The Magnetic Zeros",
      "year": "2009",
      "web_url": "http://www.songnotes.cc/songs/93-edward-sharpe-magnetic-zeros-home",
      "img_url": "http://www.songnotes.cc/images/artists/EdwardSharpeAndTheMagneticZeroes.jpg"
    },
    {
      "title": "Honey Do",
      "artist": "Jimmy Buffett",
      "year": "1983",
      "web_url": "http://www.songnotes.cc/songs/97-jimmy-buffett-honey-do",
      "img_url": "http://www.songnotes.cc/images/artists/JimmyBuffett.jpg"
    },
    {
      "title": "Hospitals and Jails",
      "artist": "Mason Jennings",
      "year": "2002",
      "web_url": "http://www.songnotes.cc/songs/113-mason-jennings-hospitals-and-jails",
      "img_url": "http://www.songnotes.cc/images/artists/MasonJennings.jpg"
    },
    {
      "title": "Hotel California",
      "artist": "The Eagles",
      "year": "1977",
      "web_url": "http://www.songnotes.cc/songs/56-the-eagles-hotel-california",
      "img_url": "http://www.songnotes.cc/images/artists/TheEagles.jpg"
    },
    {
      "title": "Hotel Yorba",
      "artist": "The White Stripes",
      "year": "2001",
      "web_url": "http://www.songnotes.cc/songs/57-the-white-stripes-hotel-yorba",
      "img_url": "http://www.songnotes.cc/images/artists/TheWhiteStripes.jpg"
    },
    {
      "title": "I Feel Home",
      "artist": "OAR",
      "year": "1999",
      "web_url": "http://www.songnotes.cc/songs/42-oar-i-feel-home",
      "img_url": "http://www.songnotes.cc/images/artists/OAR.jpg"
    },
    {
      "title": "I Knew You Were Trouble",
      "artist": "Taylor Swift",
      "year": "2012",
      "web_url": "http://www.songnotes.cc/songs/85-taylor-swift-i-knew-you-were-trouble",
      "img_url": "http://www.songnotes.cc/images/artists/TaylorSwift.jpg"
    },
    {
      "title": "I'm Writing a Novel",
      "artist": "Father John Misty",
      "year": "2012",
      "web_url": "http://www.songnotes.cc/songs/111-father-john-misty-im-writing-a-novel",
      "img_url": "http://www.songnotes.cc/images/artists/FatherJohnMisty.jpg"
    },
    {
      "title": "Island in the Sun",
      "artist": "Weezer",
      "year": "2001",
      "web_url": "http://www.songnotes.cc/songs/43-weezer-island-in-the-sun",
      "img_url": "http://www.songnotes.cc/images/artists/Weezer.jpg"
    },
    {
      "title": "I Won't Give Up",
      "artist": "Jason Mraz",
      "year": "2012",
      "web_url": "http://www.songnotes.cc/songs/107-jason-mraz-i-wont-give-up",
      "img_url": "http://www.songnotes.cc/images/artists/JasonMraz.jpg"
    },
    {
      "title": "Jack & Diane",
      "artist": "John Mellencamp",
      "year": "1982",
      "web_url": "http://www.songnotes.cc/songs/99-john-mellencamp-jack-and-diane",
      "img_url": "http://www.songnotes.cc/images/artists/JohnMellencamp.jpg"
    },
    {
      "title": "Karma Police",
      "artist": "Radiohead",
      "year": "1997",
      "web_url": "http://www.songnotes.cc/songs/14-radiohead-karma-police",
      "img_url": "http://www.songnotes.cc/images/artists/Radiohead.jpg"
    },
    {
      "title": "King of Spain",
      "artist": "The Tallest Man on Earth",
      "year": "2010",
      "web_url": "http://www.songnotes.cc/songs/80-the-tallest-man-on-earth-king-of-spain",
      "img_url": "http://www.songnotes.cc/images/artists/TheTallestManOnEarth.jpg"
    },
    {
      "title": "King of the World",
      "artist": "First Aid Kit",
      "year": "2012",
      "web_url": "http://www.songnotes.cc/songs/76-first-aid-kit-king-of-the-world",
      "img_url": "http://www.songnotes.cc/images/artists/FirstAidKit.jpg"
    },
    {
      "title": "Lean On Me",
      "artist": "Bill Withers",
      "year": "1972",
      "web_url": "http://www.songnotes.cc/songs/83-bill-withers-lean-on-me",
      "img_url": "http://www.songnotes.cc/images/artists/BillWithers.jpg"
    },
    {
      "title": "Little Talks",
      "artist": "Of Monsters and Men",
      "year": "2012",
      "web_url": "http://www.songnotes.cc/songs/105-of-monsters-and-men-little-talks",
      "img_url": "http://www.songnotes.cc/images/artists/OfMonstersAndMen.jpg"
    },
    {
      "title": "Live and Die",
      "artist": "The Avett Brothers",
      "year": "2012",
      "web_url": "http://www.songnotes.cc/songs/115-the-avett-brothers-live-and-die",
      "img_url": "http://www.songnotes.cc/images/artists/AvettBrothers.jpg"
    },
    {
      "title": "Lola",
      "artist": "The Kinks",
      "year": "1970",
      "web_url": "http://www.songnotes.cc/songs/128-the-kinks-lola",
      "img_url": "http://www.songnotes.cc/images/artists/Kinks.jpg"
    },
    {
      "title": "Lonesome Town",
      "artist": "Ricky Nelson",
      "year": "1958",
      "web_url": "http://www.songnotes.cc/songs/126-ricky-nelson-lonesome-town",
      "img_url": "http://www.songnotes.cc/images/artists/RickyNelson.jpg"
    },
    {
      "title": "Love in the Library",
      "artist": "Jimmy Buffett",
      "year": "1994",
      "web_url": "http://www.songnotes.cc/songs/23-jimmy-buffett-love-in-the-library",
      "img_url": "http://www.songnotes.cc/images/artists/JimmyBuffett.jpg"
    },
    {
      "title": "Love Story",
      "artist": "Taylor Swift",
      "year": "2008",
      "web_url": "http://www.songnotes.cc/songs/61-taylor-swift-love-story",
      "img_url": "http://www.songnotes.cc/images/artists/TaylorSwift.jpg"
    },
    {
      "title": "Margaritaville",
      "artist": "Jimmy Buffett",
      "year": "1977",
      "web_url": "http://www.songnotes.cc/songs/62-jimmy-buffett-margaritaville",
      "img_url": "http://www.songnotes.cc/images/artists/JimmyBuffett.jpg"
    },
    {
      "title": "Me and Julio Down by the Schoolyard",
      "artist": "Paul Simon",
      "year": "1972",
      "web_url": "http://www.songnotes.cc/songs/31-paul-simon-me-and-julio-down-by-the-schoolyard",
      "img_url": "http://www.songnotes.cc/images/artists/PaulSimon.jpg"
    },
    {
      "title": "Migration",
      "artist": "Jimmy Buffett",
      "year": "1974",
      "web_url": "http://www.songnotes.cc/songs/66-jimmy-buffett-migration",
      "img_url": "http://www.songnotes.cc/images/artists/JimmyBuffett.jpg"
    },
    {
      "title": "Moonshadow",
      "artist": "Cat Stevens",
      "year": "1971",
      "web_url": "http://www.songnotes.cc/songs/73-cat-stevens-moonshadow",
      "img_url": "http://www.songnotes.cc/images/artists/CatStevens.jpg"
    },
    {
      "title": "Mudfootball",
      "artist": "Jack Johnson",
      "year": "2001",
      "web_url": "http://www.songnotes.cc/songs/59-jack-johnson-mudfootball",
      "img_url": "http://www.songnotes.cc/images/artists/JackJohnson.jpg"
    },
    {
      "title": "My Antonia",
      "artist": "Emmylou Harris",
      "year": "2000",
      "web_url": "http://www.songnotes.cc/songs/51-emmylou-harris-my-antonia",
      "img_url": "http://www.songnotes.cc/images/artists/EmmylouHarris.jpg"
    },
    {
      "title": "New Realization",
      "artist": "Sublime",
      "year": "1996",
      "web_url": "http://www.songnotes.cc/songs/39-sublime-new-realization",
      "img_url": "http://www.songnotes.cc/images/artists/Sublime.jpg"
    },
    {
      "title": "No Surprises",
      "artist": "Radiohead",
      "year": "1997",
      "web_url": "http://www.songnotes.cc/songs/52-radiohead-no-surprises",
      "img_url": "http://www.songnotes.cc/images/artists/Radiohead.jpg"
    },
    {
      "title": "Nothing",
      "artist": "Mason Jennings",
      "year": "1997",
      "web_url": "http://www.songnotes.cc/songs/15-mason-jennings-nothing",
      "img_url": "http://www.songnotes.cc/images/artists/MasonJennings.jpg"
    },
    {
      "title": "Nothing Else Matters",
      "artist": "Metallica",
      "year": "1992",
      "web_url": "http://www.songnotes.cc/songs/58-metallica-nothing-else-matters",
      "img_url": "http://www.songnotes.cc/images/artists/Metallica.jpg"
    },
    {
      "title": "Only Son of the Ladiesman",
      "artist": "Father John Misty",
      "year": "2012",
      "web_url": "http://www.songnotes.cc/songs/124-father-john-misty-only-son-of-the-ladiesman",
      "img_url": "http://www.songnotes.cc/images/artists/FatherJohnMisty.jpg"
    },
    {
      "title": "Out on the Weekend",
      "artist": "Neil Young",
      "year": "1972",
      "web_url": "http://www.songnotes.cc/songs/70-neil-young-out-on-the-weekend",
      "img_url": "http://www.songnotes.cc/images/artists/NeilYoung.jpg"
    },
    {
      "title": "Party in the USA",
      "artist": "Miley Cyrus",
      "year": "2009",
      "web_url": "http://www.songnotes.cc/songs/8-miley-cyrus-party-in-the-usa",
      "img_url": "http://www.songnotes.cc/images/artists/MileyCyrus.jpg"
    },
    {
      "title": "Patience",
      "artist": "Guns N' Roses",
      "year": "1989",
      "web_url": "http://www.songnotes.cc/songs/95-guns-n-roses-patience",
      "img_url": "http://www.songnotes.cc/images/artists/GunsNRoses.jpg"
    },
    {
      "title": "Redemption Song",
      "artist": "Bob Marley",
      "year": "1980",
      "web_url": "http://www.songnotes.cc/songs/67-bob-marley-redemption-song",
      "img_url": "http://www.songnotes.cc/images/artists/BobMarley.jpg"
    },
    {
      "title": "Rivers of Babylon",
      "artist": "Sublime",
      "year": "1998",
      "web_url": "http://www.songnotes.cc/songs/90-sublime-rivers-of-babylon",
      "img_url": "http://www.songnotes.cc/images/artists/Sublime.jpg"
    },
    {
      "title": "Rocket Man",
      "artist": "Elton John",
      "year": "1972",
      "web_url": "http://www.songnotes.cc/songs/135-elton-john-rocket-man",
      "img_url": "http://www.songnotes.cc/images/artists/EltonJohn.jpg"
    },
    {
      "title": "Rodeo Clowns",
      "artist": "Jack Johnson",
      "year": "2003",
      "web_url": "http://www.songnotes.cc/songs/68-jack-johnson-rodeo-clowns",
      "img_url": "http://www.songnotes.cc/images/artists/JackJohnson.jpg"
    },
    {
      "title": "Send My Fond Regards to Lonelyville",
      "artist": "Elvis Perkins",
      "year": "2009",
      "web_url": "http://www.songnotes.cc/songs/121-elvis-perkins-send-my-fond-regards-to-lonelyville",
      "img_url": "http://www.songnotes.cc/images/artists/ElvisPerkins.jpg"
    },
    {
      "title": "Sentimental Heart",
      "artist": "She & Him",
      "year": "2008",
      "web_url": "http://www.songnotes.cc/songs/109-she-and-him-volume-one",
      "img_url": "http://www.songnotes.cc/images/artists/SheAndHim.jpg"
    },
    {
      "title": "Shelter from the Storm",
      "artist": "Bob Dylan",
      "year": "1975",
      "web_url": "http://www.songnotes.cc/songs/110-bob-dylan-shelter-from-the-storm",
      "img_url": "http://www.songnotes.cc/images/artists/BobDylan.jpg"
    },
    {
      "title": "Some Nights",
      "artist": "fun.",
      "year": "2012",
      "web_url": "http://www.songnotes.cc/songs/103-fun-some-nights",
      "img_url": "http://www.songnotes.cc/images/artists/Fun.jpg"
    },
    {
      "title": "Somewhere Only We Know",
      "artist": "Keane",
      "year": "2004",
      "web_url": "http://www.songnotes.cc/songs/82-keane-somewhere-only-we-know",
      "img_url": "http://www.songnotes.cc/images/artists/Keane.jpg"
    },
    {
      "title": "Space Oddity",
      "artist": "David Bowie",
      "year": "1969",
      "web_url": "http://www.songnotes.cc/songs/136-david-bowie-space-oddity",
      "img_url": "http://www.songnotes.cc/images/artists/DavidBowie.jpg"
    },
    {
      "title": "Stay or Leave",
      "artist": "Dave Matthews",
      "year": "2003",
      "web_url": "http://www.songnotes.cc/songs/48-dave-matthews-stay-or-leave",
      "img_url": "http://www.songnotes.cc/images/artists/DaveMatthews.jpg"
    },
    {
      "title": "Stubborn Love",
      "artist": "The Lumineers",
      "year": "2012",
      "web_url": "http://www.songnotes.cc/songs/33-the-lumineers-stubborn-love",
      "img_url": "http://www.songnotes.cc/images/artists/TheLumineers.jpg"
    },
    {
      "title": "Stuck in the Middle With You",
      "artist": "Stealers Wheel",
      "year": "1972",
      "web_url": "http://www.songnotes.cc/songs/91-stealers-wheel-stuck-in-the-middle-with-you",
      "img_url": "http://www.songnotes.cc/images/artists/StealersWheel.jpg"
    },
    {
      "title": "Submarines",
      "artist": "The Lumineers",
      "year": "2012",
      "web_url": "http://www.songnotes.cc/songs/64-the-lumineers-submarines",
      "img_url": "http://www.songnotes.cc/images/artists/TheLumineers.jpg"
    },
    {
      "title": "Sugar Mountain",
      "artist": "Neil Young",
      "year": "1977",
      "web_url": "http://www.songnotes.cc/songs/106-neil-young-sugar-mountain",
      "img_url": "http://www.songnotes.cc/images/artists/NeilYoung.jpg"
    },
    {
      "title": "Summer of '69",
      "artist": "Bryan Adams",
      "year": "1984",
      "web_url": "http://www.songnotes.cc/songs/65-bryan-adams-summer-of-69",
      "img_url": "http://www.songnotes.cc/images/artists/BryanAdams.jpg"
    },
    {
      "title": "Sweet Home Alabama",
      "artist": "Lynyrd Skynyrd",
      "year": "1974",
      "web_url": "http://www.songnotes.cc/songs/133-lynyrd-skynyrd-sweet-home-alabama",
      "img_url": "http://www.songnotes.cc/images/artists/LynyrdSkynyrd.jpg"
    },
    {
      "title": "Tangled Up in Blue",
      "artist": "Bob Dylan",
      "year": "1975",
      "web_url": "http://www.songnotes.cc/songs/22-bob-dylan-tangled-up-in-blue",
      "img_url": "http://www.songnotes.cc/images/artists/BobDylan.jpg"
    },
    {
      "title": "The Drugs Don't Work",
      "artist": "Ben Harper",
      "year": "2001",
      "web_url": "http://www.songnotes.cc/songs/49-ben-harper-the-drugs-dont-work",
      "img_url": "http://www.songnotes.cc/images/artists/BenHarper.jpg"
    },
    {
      "title": "The General",
      "artist": "Dispatch",
      "year": "2000",
      "web_url": "http://www.songnotes.cc/songs/26-dispatch-the-general",
      "img_url": "http://www.songnotes.cc/images/artists/Dispatch.jpg"
    },
    {
      "title": "The Lion's Roar",
      "artist": "First Aid Kit",
      "year": "2012",
      "web_url": "http://www.songnotes.cc/songs/89-first-aid-kit-the-lions-roar",
      "img_url": "http://www.songnotes.cc/images/artists/FirstAidKit.jpg"
    },
    {
      "title": "The Man in Me",
      "artist": "Bob Dylan",
      "year": "1970",
      "web_url": "http://www.songnotes.cc/songs/24-bob-dylan-the-man-in-me",
      "img_url": "http://www.songnotes.cc/images/artists/BobDylan.jpg"
    },
    {
      "title": "The Mother We Share",
      "artist": "Chvrches",
      "year": "2013",
      "web_url": "http://www.songnotes.cc/songs/127-chvrches-the-mother-we-share",
      "img_url": "http://www.songnotes.cc/images/artists/Chvrches.jpg"
    },
    {
      "title": "The Needle and the Damage Done",
      "artist": "Neil Young",
      "year": "1972",
      "web_url": "http://www.songnotes.cc/songs/87-neil-young-the-needle-and-the-damage-done",
      "img_url": "http://www.songnotes.cc/images/artists/NeilYoung.jpg"
    },
    {
      "title": "The Weather is Here, Wish You Were Beautiful",
      "artist": "Jimmy Buffett",
      "year": "1981",
      "web_url": "http://www.songnotes.cc/songs/19-jimmy-buffett-the-weather-is-here-wish-you-were-beautiful",
      "img_url": "http://www.songnotes.cc/images/artists/JimmyBuffett.jpg"
    },
    {
      "title": "The Weight",
      "artist": "The Band",
      "year": "1968",
      "web_url": "http://www.songnotes.cc/songs/40-the-band-the-weight",
      "img_url": "http://www.songnotes.cc/images/artists/TheBand.jpg"
    },
    {
      "title": "Tin Cup Chalice",
      "artist": "Jimmy Buffett",
      "year": "1974",
      "web_url": "http://www.songnotes.cc/songs/25-jimmy-buffett-tin-cup-chalice",
      "img_url": "http://www.songnotes.cc/images/artists/JimmyBuffett.jpg"
    },
    {
      "title": "Tiny Dancer",
      "artist": "Elton John",
      "year": "1971",
      "web_url": "http://www.songnotes.cc/songs/13-elton-john-tiny-dancer",
      "img_url": "http://www.songnotes.cc/images/artists/EltonJohn.jpg"
    },
    {
      "title": "Trying to Reason with Hurricane Season",
      "artist": "Jimmy Buffett",
      "year": "1974",
      "web_url": "http://www.songnotes.cc/songs/18-jimmy-buffett-trying-to-reason-with-hurricane-season",
      "img_url": "http://www.songnotes.cc/images/artists/JimmyBuffett.jpg"
    },
    {
      "title": "Under the Milky Way",
      "artist": "The Church",
      "year": "1988",
      "web_url": "http://www.songnotes.cc/songs/17-the-church-under-the-milky-way",
      "img_url": "http://www.songnotes.cc/images/artists/TheChurch.jpg"
    },
    {
      "title": "Viva La Vida",
      "artist": "Coldplay",
      "year": "2008",
      "web_url": "http://www.songnotes.cc/songs/53-coldplay-viva-la-vida",
      "img_url": "http://www.songnotes.cc/images/artists/Coldplay.jpg"
    },
    {
      "title": "Watching the Wheels",
      "artist": "John Lennon",
      "year": "1981",
      "web_url": "http://www.songnotes.cc/songs/5-john-lennon-watching-the-wheels",
      "img_url": "http://www.songnotes.cc/images/artists/JohnLennon.jpg"
    },
    {
      "title": "Way Over Yonder in the Minor Key",
      "artist": "Billy Bragg & Wilco",
      "year": "1998",
      "web_url": "http://www.songnotes.cc/songs/112-billy-bragg-wilco-way-over-yonder-in-the-minor-key",
      "img_url": "http://www.songnotes.cc/images/artists/BillyBraggWilco.jpg"
    },
    {
      "title": "We Are Never Ever Getting Back Together",
      "artist": "Taylor Swift",
      "year": "2012",
      "web_url": "http://www.songnotes.cc/songs/88-taylor-swift-we-are-never-ever-getting-back-together",
      "img_url": "http://www.songnotes.cc/images/artists/TaylorSwift.jpg"
    },
    {
      "title": "We're Going To Be Friends",
      "artist": "The White Stripes",
      "year": "2001",
      "web_url": "http://www.songnotes.cc/songs/118-the-white-stripes-we-are-going-to-be-friends",
      "img_url": "http://www.songnotes.cc/images/artists/TheWhiteStripes.jpg"
    },
    {
      "title": "What I Got",
      "artist": "Sublime",
      "year": "1996",
      "web_url": "http://www.songnotes.cc/songs/20-sublime-what-i-got",
      "img_url": "http://www.songnotes.cc/images/artists/Sublime.jpg"
    },
    {
      "title": "Wind and Walls",
      "artist": "The Tallest Man on Earth",
      "year": "2012",
      "web_url": "http://www.songnotes.cc/songs/79-the-tallest-man-on-earth-wind-and-walls",
      "img_url": "http://www.songnotes.cc/images/artists/TheTallestManOnEarth.jpg"
    },
    {
      "title": "With a Little Help From My Friends",
      "artist": "The Beatles",
      "year": "1967",
      "web_url": "http://www.songnotes.cc/songs/81-the-beatles-with-a-little-help-from-my-friends",
      "img_url": "http://www.songnotes.cc/images/artists/TheBeatles.jpg"
    },
    {
      "title": "Ya Hey",
      "artist": "Vampire Weekend",
      "year": "2013",
      "web_url": "http://www.songnotes.cc/songs/125-vampire-weekend-ya-hey",
      "img_url": "http://www.songnotes.cc/images/artists/VampireWeekend.jpg"
    },
    {
      "title": "You Belong With Me",
      "artist": "Taylor Swift",
      "year": "2008",
      "web_url": "http://www.songnotes.cc/songs/44-taylor-swift-you-belong-with-me",
      "img_url": "http://www.songnotes.cc/images/artists/TaylorSwift.jpg"
    },
    {
      "title": "You Love Me",
      "artist": "DeVotchKa",
      "year": "2004",
      "web_url": "http://www.songnotes.cc/songs/134-devotchka-you-love-me",
      "img_url": "http://www.songnotes.cc/images/artists/DeVotchKa.jpg"
    }
  ]
}