[
  {
    "email": "s37964690@student.rmit.edu.au",
    "username": "Sistla Mehar Srinivas Shouri0",
    "password": "123456780"
  },
  {
    "email": "s37964691@student.rmit.edu.au",
    "username": "Sistla Mehar Srinivas Shouri1",
    "password": "123456781"
  },
  {
    "email": "s37964692@student.rmit.edu.au",
    "username": "Sistla Mehar Srinivas Shouri2",
    "password": "123456782"
  },
  {
    "email": "s37964693@student.rmit.edu.au",
    "username": "Sistla Mehar Srinivas Shouri3",
    "password": "123456783"
  },
  {
    "email": "s37964694@student.rmit.edu.au",
    "username": "Sistla Mehar Srinivas Shouri4",
    "password": "123456784"
  },
  {
    "email": "s37964695@student.rmit.edu.au",
    "username": "Sistla Mehar Srinivas Shouri5",
    "password": "123456785"
  },
  {
    "email": "s37964696@student.rmit.edu.au",
    "username": "Sistla Mehar Srinivas Shouri6",
    "password": "123456786"
  },
  {
    "email": "s37964697@student.rmit.edu.au",
    "username": "Sistla Mehar Srinivas Shouri7",
    "password": "123456787"
  },
  {
    "email": "s37964698@student.rmit.edu.au",
    "username": "Sistla Mehar Srinivas Shouri8",
    "password": "123456788"
  },
  {
    "email": "s37964699@student.rmit.edu.au",
    "username": "Sistla Mehar Srinivas Shouri9",
    "password": "123456789"
  }
]