[
  {
    "email": "s1234560@student.com",
    "username": "Test User0",
    "password": "123456780"
  },
  {
    "email": "s1234561@student.com",
    "username": "Test User1",
    "password": "123456781"
  },
  {
    "email": "s1234562@student.com",
    "username": "Test User2",
    "password": "123456782"
  },
  {
    "email": "s1234563@student.com",
    "username": "Test User3",
    "password": "123456783"
  },
  {
    "email": "s1234564@student.com",
    "username": "Test User4",
    "password": "123456784"
  },
  {
    "email": "s1234565@student.com",
    "username": "Test User5",
    "password": "123456785"
  },
  {
    "email": "s1234566@student.com",
    "username": "Test User6",
    "password": "123456786"
  },
  {
    "email": "s1234567@student.com",
    "username": "Test User7",
    "password": "123456787"
  },
  {
    "email": "s1234568@student.com",
    "username": "Test User8",
    "password": "123456788"
  },
  {
    "email": "s1234569@student.com",
    "username": "Test User9",
    "password": "123456789"
  }
]